<application>
  <component name="AndroidLogcatFilterHistory">
    <option name="mostRecentlyUsed" value="package:mine tag:Scanner_logger" />
    <option name="nonFavorites">
      <list>
        <option value="package:mine tag:Scanner_logger" />
        <option value="package:mine tag:scan" />
        <option value="package:mine" />
        <option value="package:mine tag:isAvailableByPing" />
        <option value="package:mine run" />
        <option value="package:mine tag:NetWorkListenerTask" />
        <option value="package:mine tag:LeakCanary" />
        <option value="package:mine tag:BarCodeReaderUtils" />
        <option value="package:mine " />
        <option value="package:mine level:info " />
        <option value="package:mine level:INFO " />
        <option value="package:mine tag:Response " />
        <option value="package:mine tag:I" />
        <option value="package:mine tag:D" />
        <option value="package: com.client.ezyform.beta" />
        <option value="package:" />
        <option value="SyncService" />
      </list>
    </option>
  </component>
</application>