<application>
  <component name="FileTypeManager" version="18">
    <extensionMap>
      <mapping ext="api" type="Kotlin" />
      <mapping ext="gradle.kts" type="Kotlin" />
      <mapping ext="main.kts" type="Kotlin" />
      <mapping ext="xlog" type="PLAIN_TEXT" />
      <mapping ext="db" type="SQL" />
      <removed_mapping ext="apk" approved="true" type="ARCHIVE" />
      <removed_mapping ext="ignore" approved="true" type="IgnoreLang file" />
      <removed_mapping ext="pro" approved="true" type="DeviceSpecFile" />
      <removed_mapping ext="psd" approved="true" type="Image" />
      <removed_mapping ext="sql" approved="true" type="SQLite" />
      <mapping ext="db" type="SQL" />
    </extensionMap>
  </component>
</application>